frequencies,t_spec,t_spec_smooth
0.00037023324694557573,470.9022411645091,574.9840652458341
0.0007404664938911515,842.8466190911414,586.6282638310469
0.0011106997408367272,914.1879629003573,548.8606745488041
0.001480932987782303,412.8276120952928,503.78095783568205
0.0018511662347278786,754.5650113844957,516.4255758571755
0.0022213994816734544,587.3442270166363,486.8272547746912
0.00259163272861903,93.2263483420822,452.950841937526
0.002961865975564606,20.105074033288556,399.3187867664137
0.0033320992225101815,597.3484213794442,311.7970151680919
0.0037023324694557573,174.9190303396655,278.57200797084215
0.004072565716401333,132.1381127928568,225.6087800671683
0.004442798963346909,306.5260673800188,185.7841851860831
0.004813032210292485,38.9702469171391,207.1640284728829
0.00518326545723806,80.57754012279543,213.6429872836739
0.0055534987041836355,224.9327323477571,164.1136480424784
0.005923731951129212,189.09827820578417,147.23009188522317
0.006293965198074788,307.0247812100805,136.45183086429182
0.006664198445020363,84.89466214119821,143.13323155907955
0.007034431691965938,102.0550289674892,159.14154144741877
0.0074046649389115145,6.083468767113228,171.56822588239226
0.007774898185857091,24.355502583543103,163.2207256704513
0.008145131432802665,373.34007432789605,151.53374481124644
0.008515364679748241,199.05334580053153,126.65951901574775
0.008885597926693817,204.8443844725299,122.57721435755168
0.009255831173639394,141.4577302283476,120.33848405173762
0.00962606442058497,72.22846961373548,129.65111242797934
0.009996297667530544,58.28252325509364,146.06830155403958
0.01036653091447612,44.07161555923761,112.81098313697096
0.010736764161421697,79.66772590934859,104.95413893754024
0.011106997408367271,99.20975252953039,85.69813629529916
0.011477230655312847,188.5273938441455,72.77347385002304
0.011847463902258423,40.76689015720971,68.5801735392788
0.012217697149204,120.48490380622428,64.35636283631497
0.012587930396149576,12.284358050119172,70.69439584073123
0.01295816364309515,12.211105775586331,63.91823820231141
0.013328396890040726,30.29546650629309,54.46042520039839
0.013698630136986302,16.04441622545531,41.14379064393709
0.014068863383931877,107.4519456034001,37.697302103983205
0.014439096630877453,11.906149525150365,29.839191116567953
0.014809329877823029,4.631622510400167,47.353770743634236
0.015179563124768605,55.3610482795325,49.078569775000425
0.015549796371714181,6.302004757670839,46.48700831797539
0.015920029618659758,41.90379393207179,45.184335675644306
0.01629026286560533,187.43015432078204,43.445435337634265
0.016660496112550906,29.45909608924819,43.44104725561368
0.017030729359496483,4.379851936042702,44.86106017077009
0.01740096260644206,3.017689802144522,41.943706889688734
0.017771195853387635,90.06294222329967,41.81888493408098
0.01814142910033321,11.86226870494457,40.247354017307956
0.018511662347278787,18.831751661964223,23.24533966750925
0.018881895594224363,26.187515468718978,20.86907828639508
0.01925212884116994,5.0537852015932705,23.10305290802568
0.019622362088115512,26.188484764341542,27.891197988985358
0.01999259533506109,17.410010822795012,20.534120265803228
0.020362828582006665,5.6964822781064814,20.364149638194565
0.02073306182895224,26.719598152348738,22.384469547468647
0.021103295075897817,50.89914061174128,20.011257360855915
0.021473528322843393,16.492164991478365,19.574088807132025
0.02184376156978897,10.162562428857951,17.677980862924173
0.022213994816734542,39.034950754705065,19.83534510335317
0.022584228063680118,2.455393602591624,19.847895163842786
0.022954461310625694,0.6820996643544018,20.801023320320617
0.02332469455757127,7.227405322263017,20.03675898538474
0.023694927804516847,38.983653227085,18.6745649840853
0.024065161051462423,5.821982883002644,27.478701803343256
0.024435394298408,36.250879717127034,25.266038796854495
0.024805627545353575,43.25649726238251,27.093450561493967
0.02517586079229915,2.8702249784839844,27.154544210897704
0.025546094039244724,98.20393062143746,28.943951547471254
0.0259163272861903,16.90832068981745,27.610946875382258
0.026286560533135876,20.729511248986356,28.182083702547736
0.026656793780081452,1.293036158391769,26.339097837545943
0.02702702702702703,25.12147868799853,23.054853942128645
0.027397260273972605,25.653606506195036,25.21661756969869
0.02776749352091818,11.533351154657476,18.85197504442643
0.028137726767863754,17.821021067109104,18.773400814348538
0.02850796001480933,10.414058308209514,16.75574526702036
0.028878193261754906,24.48786125418442,17.42950716961714
0.029248426508700482,34.557505368714835,15.315274789200132
0.029618659755646058,16.122578389038544,15.882774809379177
0.029988893002591634,0.55295577570458,15.14971225880275
0.03035912624953721,8.030655184359581,13.483741177994341
0.030729359496482787,3.9791548838284516,14.564436409798
0.031099592743428363,31.32860670798549,15.49163345730301
0.031469825990373936,4.202725648893215,12.084076231549833
0.031840059237319515,1.1613102590250002,10.580622909173488
0.03221029248426509,21.2210106262461,11.484480664298292
0.03258052573121066,33.75983172923453,11.025207912878015
0.03295075897815624,0.4819331111830522,11.201977964305783
0.03332099222510181,1.0880451652750975,8.200708918304356
0.03369122547204739,9.591533326952625,8.914762597501943
0.034061458718992965,3.437927670156816,8.914031891848806
0.034431691965938545,5.746855398106124,7.208828816036312
0.03480192521288412,1.3159162479712243,3.9268365652937525
0.0351721584598297,11.343262440869074,4.9378778489590305
0.03554239170677527,1.154003202493638,5.714935278231989
0.03591262495372084,4.168979868121159,4.872936094213694
0.03628285820066642,0.9399092218089328,5.569388740978402
0.036653091447611995,10.592345947835828,6.436528768813565
0.037023324694557574,8.85861945800468,7.405786752394488
0.03739355794150315,1.17154148676967,7.148655121796381
0.03776379118844873,10.402454137803906,7.274092860771312
0.0381340244353943,14.418255676457756,7.341775490093125
0.03850425768233988,11.008496083780447,7.648617709469531
0.03887449092928545,8.771946134887996,8.020476798399509
0.039244724176231024,2.4083805922429424,7.762610949005844
0.039614957423176604,4.845806161339296,8.175192649993722
0.03998519067012218,4.008331415572985,7.224095427348182
0.040355423917067756,14.310936837135607,5.960655592007547
0.04072565716401333,6.27996096406804,6.175755163009972
0.04109589041095891,5.297358496648444,5.576764558535304
0.04146612365790448,0.8914819113485123,6.55027027969482
0.041836356904850054,1.7838573230514099,7.762500398582759
0.042206590151795634,13.159491793804698,9.199972617653772
0.042576823398741206,2.7820400901413103,8.412700388018425
0.042947056645686786,12.143437803838097,8.670429828432386
0.04331728989263236,16.968107350218695,9.46722843780716
0.04368752313957794,18.383053606283113,9.771338628906323
0.04405775638652351,6.438214540782141,10.692249006706877
0.044427989633469084,8.857255368207655,9.573910872523237
0.04479822288041466,13.26534459039617,9.339095951691096
0.045168456127360236,3.93258382234014,8.208163887911756
0.045538689374305816,10.99296110105696,6.844853761355014
0.04590892262125139,1.9761104519683024,5.467573035837736
0.04627915586819697,0.43389088181990515,5.490330567104993
0.04664938911514254,0.8341171660446821,5.307808592855009
0.04701962236208812,3.335006084651288,5.117440836939517
0.04738985560903369,4.610246351110338,4.855282174162989
0.047760088855979266,6.665789853454711,4.487042028463186
0.048130322102924845,7.032035625707817,6.592705337604177
0.04850055534987042,11.361667031241243,7.068238181588081
0.048870788596816,1.3109971945748626,7.754086068048404
0.04924102184376157,7.310559644058934,7.687927531212273
0.04961125509070715,23.03274354337821,7.4610477286347034
0.04998148833765272,5.189219321658945,10.058969956801723
0.0503517215845983,7.692596030647922,9.669515469453106
0.050721954831543875,2.67342071628997,9.064625103849412
0.05109218807848945,2.3414483253346394,9.423866482329316
0.05146242132543503,32.64501213512492,9.253387936006892
0.0518326545723806,3.1374907522216477,7.4702751468927175
0.05220288781932618,5.312763375204283,6.980181876162116
0.05257312106627175,4.903410979373917,6.319056178018424
0.05294335431321733,5.605774180834689,6.167581062624397
0.053313587560162905,5.201615652236466,6.248293859642239
0.05368382080710848,0.2882866143529294,3.858614594501468
0.05405405405405406,1.0813390492109978,3.7653310964479387
0.05442428730099963,1.1586695623497025,3.4465421295410446
0.05479452054794521,3.148576295513051,3.0903206868109785
0.05516475379489078,8.748219483717216,2.655462669515087
0.05553498704183636,2.204655771686358,2.4909206526559156
0.055905220288781934,2.1248737061353413,2.5278894682701343
0.05627545353572751,1.341196552073259,2.6174993316605595
0.05664568678267309,1.257194007875774,3.1511592661550574
0.05701592002961866,3.556195483644752,2.844441921536048
0.05738615327656424,0.6579747704951139,2.5675888795088992
0.05775638652350981,1.9774376831152505,3.003492373229468
0.05812661977045539,6.49526890729468,3.7682161205686326
0.058496853017400964,0.08140284932296027,4.004506486204426
0.058867086264346544,5.979689063445728,3.9473978437317974
0.059237319511292116,6.563690708892045,3.7950520901534426
0.05960755275823769,9.772111179526988,5.945761823048502
0.05997778600518327,3.7041002084311976,5.91107723194237
0.06034801925212884,0.6861075831494838,5.644222304601281
0.06071825249907442,2.032737947861204,5.65886435273615
0.061088485746019994,22.165072099445712,5.259645728865668
0.06145871899296557,1.6305917720539287,5.096306281327033
0.061828952239911146,3.826719633883792,4.408149128137377
0.062199185486856726,0.22782333067164795,4.3462784575074895
0.0625694187338023,1.9875028247409119,4.312245715412342
0.06293965198074787,4.9302962335056995,4.514441749273149
0.06330988522769344,2.890539647630427,2.71622010056084
0.06368011847463903,3.085393502132314,2.9539419351664744
0.0640503517215846,0.3457801621980108,2.616301137077996
0.06442058496853018,4.05469828646928,2.883099397296843
0.06479081821547575,4.182855612322619,2.7016509236371413
0.06516105146242132,4.007810118110274,2.392050623306905
0.06553128470936691,0.45031165299900966,2.401391929077284
0.06590151795631248,2.895805932860114,2.409353513040036
0.06627175120325805,0.17301808814389644,2.4086870336460517
0.06664198445020363,1.8342932302033368,2.6315018367412213
0.06701221769714921,2.9839527053342163,2.229811014936778
0.06738245094409478,3.1650093417598377,2.712739320540258
0.06775268419104036,0.3391153682581664,3.1884966248108575
0.06812291743798593,6.282846317420975,2.9499320108330958
0.0684931506849315,0.165947394278185,3.664938604648321
0.06886338393187709,8.837093174145076,3.8261311038774344
0.06923361717882266,5.207884695705004,3.6930468513810597
0.06960385042576823,0.510159793082497,3.7197813441462615
0.06997408367271381,7.323084026296145,4.047470619995655
0.0703443169196594,3.4462182224944735,3.5032557998558422
0.07071455016660497,1.6531101803704675,3.7997218514989606
0.07108478341355054,3.43235426941186,3.8754643486523457
0.07145501666049611,3.616008126752101,4.1902828014642175
0.07182524990744169,0.8406981160228485,4.291698645836581
0.07219548315438727,3.1306079107093643,3.678667432845478
0.07256571640133284,9.594518145678926,3.697368593828423
0.07293594964827842,8.356069223823722,4.709393884439364
0.07330618289522399,1.5243182368061308,5.039734028541742
0.07367641614216958,1.192771896385121,5.02922494456899
0.07404664938911515,3.633229832323922,5.051445524283021
0.07441688263606072,11.773363086479879,5.318181797983891
0.0747871158830063,6.73575571043563,4.711734726171858
0.07515734912995187,3.5109172870245917,3.8872743880380427
0.07552758237689745,1.0629039131631508,3.7931256229015773
0.07589781562384303,5.797970647718057,3.969424598138591
0.0762680488707886,3.530047427558599,4.046946786879797
0.07663828211773417,0.11146584248557274,2.985796793542184
0.07700851536467976,0.5828305854414805,2.5299109833618942
0.07737874861162533,2.9557616487552587,2.25340981703
0.0777489818585709,4.408451719735982,2.486359279043823
0.07811921510551648,1.161863153103748,1.9191997795195088
0.07848944835246205,2.1768976086327343,2.42877824988345
0.07885968159940764,0.7459056237056504,2.5973973140040036
0.07922991484635321,3.392398533301378,2.736501139357392
0.07960014809329878,0.12637565247491603,2.599136479627208
0.07997038134024435,8.625832131198008,2.2226366313614094
0.08034061458718993,1.7976564836911122,2.7810096772950716
0.08071084783413551,1.9738688389753625,2.8685177643524655
0.08108108108108109,1.5821150514534164,3.1841247093264373
0.08145131432802666,0.6434532370779975,2.967629487545418
0.08182154757497223,6.745593612440369,3.1160611458163583
0.08219178082191782,3.0519784792066726,2.3251564340279463
0.08256201406886339,3.901975073445367,2.1490638375637063
0.08293224731580896,1.2274463154911848,2.0498603496349674
0.08330248056275454,1.610692235184319,2.115953392239798
0.08367271380970011,0.7167850133138871,2.3511880197753965
0.0840429470566457,0.036730519048714966,2.061495675102115
0.08441318030359127,0.981833959687971,1.7685182043574657
0.08478341355053684,2.243045477501728,1.5226411669841273
0.08515364679748241,2.9957995124339774,2.2991990564412514
0.085523880044428,3.8486701657075546,2.4330246537699542
0.08589411329137357,0.12220377176017679,2.721929438515006
0.08626434653831914,1.443204699711983,3.0191963062556773
0.08663457978526472,8.993025210062426,2.9328377855704164
0.08700481303221029,2.9489482084713505,2.8093179778812063
0.08737504627915588,3.605832860764405,2.6433588402059476
0.08774527952610145,3.009399196455426,2.272978578677498
0.08811551277304702,0.11824875283536365,2.476849141454446
0.0884857460199926,1.0078474006096225,2.6173587637123665
0.08885597926693817,1.3362081356813929,1.8010076437948654
0.08922621251388375,0.1448675504230591,1.773970253835096
0.08959644576082933,2.1609093995296544,1.481104547486943
0.0899666790077749,2.848300922291187,1.8668971502508274
0.09033691225472047,0.8295140108874154,2.0000075175140384
0.09070714550166606,2.6785743088736553,1.953481307856053
0.09107737874861163,0.6771757972828736,1.8464637476444572
0.0914476119955572,6.867325224094268,1.8410806832565036
0.09181784524250278,1.4493524254674752,1.635069386876939
0.09218807848944835,0.5425853040297679,1.6069196923068922
0.09255831173639394,0.26603253356543616,1.6130005196462243
0.09292854498333951,0.09103690654352248,1.7411192176217358
0.09329877823028508,0.10079643573400819,1.9738880282811664
0.09366901147723065,2.5668039765907196,1.6156950208649483
0.09403924472417624,0.8903222842807358,1.5604445830150784
0.09440947797112181,3.9597612886287723,1.5253983766223553
0.09477971121806739,3.0048639038771774,1.9046943981269908
0.09514994446501296,3.2853951499320857,1.9022835942413099
0.09552017771195853,0.8968480469687756,1.9515629383342024
0.09589041095890412,0.19212324010253867,1.9336979166520245
0.09626064420584969,4.058992748611792,2.273133411785104
0.09663087745279526,0.0669288676867121,1.9678910816551274
0.09700111069974084,0.5935898766629312,1.8940253610113402
0.09737134394668642,2.388153759768939,1.6761435069595845
0.097741577193632,4.284677235611531,1.8096016290874861
0.09811181044057757,0.9073379873290063,1.8379677584377636
0.09848204368752314,2.266206697439305,1.4776575038655992
0.09885227693446871,1.1065766094145268,1.7130474672573623
0.0992225101814143,2.2314292682477914,1.8744773612212051
0.09959274342835987,0.47578453360531214,1.7308689939299942
0.09996297667530545,0.4558902028901506,1.7780459534944477
0.10033320992225102,2.420828501604341,1.6989835098539827
0.1007034431691966,2.2078888163013595,1.7992712199319203
0.10107367641614218,0.9520700868568321,1.725784227048861
0.10144390966308775,4.756446831256066,1.7763791042728427
0.10181414291003332,0.11671355092435826,2.1543240773176624
0.1021843761569789,3.2690837982186807,2.242136957938928
0.10255460940392448,0.37170668058393236,2.1339037493831183
0.10292484265087005,2.7373780404876102,2.035422824819107
0.10329507589781563,4.255234264053509,2.013343402476581
0.1036653091447612,1.3340190091028095,1.612575802863633
0.10403554239170677,1.3384964160462443,1.6564607018066435
0.10440577563865236,1.2230795706612456,1.4989425586731797
0.10477600888559793,0.7312758634315707,1.4953059673432016
0.1051462421325435,0.748770835126589,1.2433322936549864
0.10551647537948908,0.555562540354463,0.9155558214508048
0.10588670862643466,1.6939023668840407,0.9049814294060402
0.10625694187338024,0.33534076728415346,1.3145346266455493
0.10662717512032581,0.21764130360545692,1.2434902899600804
0.10699740836727138,0.9774695420116927,1.2763536423424706
0.10736764161421695,1.2282750886551632,1.290643230272835
0.10773787486116254,5.434028388441335,1.2827202515146403
0.10810810810810811,0.5126362038065571,1.414588957283175
0.10847834135505369,1.0599093872554717,1.4300056003193404
0.10884857460199926,0.8916667144302334,1.4979226506861403
0.10921880784894485,0.4763327527725173,1.4558677309194903
0.10958904109589042,3.012589424569386,1.3565934554663106
0.10995927434283599,0.4895071976458084,1.0538699282530426
0.11032950758978156,0.8968118072734556,1.00980070768302
0.11069974083672714,0.5569203443451917,0.962093546515033
0.11106997408367272,0.23553233412336685,1.2038118794307857
0.1114402073306183,2.406793116308655,1.327040691332125
0.11181044057756387,0.07194399810633273,1.1742060155424745
0.11218067382450944,0.5828377755756018,1.4774712988809395
0.11255090707145501,3.3088500435877615,1.4433901866970291
0.1129211403184006,1.7086208717859104,1.6558862059766057
0.11329137356534617,1.4842426666728805,2.08069747858754
0.11366160681229175,3.5221600310304573,2.1068296056566522
0.11403184005923732,0.5560006854343523,2.183281844807826
0.1144020733061829,2.6818805371409575,2.352453232864769
0.11477230655312848,4.483645060232712,2.210280353936712
0.11514253980007405,2.6681143869997777,2.3069843821921316
0.11551277304701962,0.8364663896180706,2.3400984645187144
0.1158830062939652,2.274551656145033,2.245648273672678
0.11625323954091078,1.8871212543071916,2.3514305910959483
0.11662347278785636,2.675661154340107,2.239017391931937
0.11699370603480193,1.8153834899387054,2.638179951603655
0.1173639392817475,2.577658122570095,2.4969716978182115
0.11773417252869309,1.613823859667054,2.5683094194041183
0.11810440577563866,1.5577485455008435,2.3521132774032774
0.11847463902258423,8.475270656949892,2.280246154278522
0.1188448722695298,1.2560318491453386,2.332142082833177
0.11921510551647538,1.549843605477138,2.3114187628482497
0.11958533876342096,0.11259023613662195,2.758110299389232
0.11995557201036654,1.1684500230596404,2.606442594281743
0.12032580525731211,3.1946204398866556,2.458287103846269
0.12069603850425768,1.6081502900894367,1.7371800336473562
0.12106627175120327,7.044573487979916,1.8712203264028733
0.12143650499814884,0.0971468085921642,1.7845398876483123
0.12180673824509441,0.07619364114610201,2.0818935367679594
0.12217697149203999,1.2641999549607663,2.2454981906584637
0.12254720473898556,2.59643477670051,1.9509532103230716
0.12291743798593115,0.6830392179315264,2.0798220473140256
0.12328767123287672,3.0861267273330903,1.4351310338994625
0.12365790447982229,2.8044965619646858,1.8622202645784387
0.12402813772676786,0.24917063653273153,2.0595858454109424
0.12439837097371345,2.8968386599989797,2.033592710585733
0.12476860422065902,0.5976633538342813,1.8783499069524119
0.1251388374676046,4.368039115381928,1.988205562546024
0.12550907071455017,2.049849449471139,1.7085889450958305
0.12587930396149574,1.0042686067086692,1.4628020512631457
0.12624953720844131,1.0440067403672977,1.4959058484793215
0.1266197704553869,1.781595773867647,1.2248905755739419
0.1269900037023325,0.2899605528311553,1.3793036352889227
0.12736023694927806,0.34662762363783745,1.0873619870735958
0.12773047019622363,0.5802086086944888,1.0706690039864577
0.1281007034431692,0.18668593094518413,1.383017497204777
0.12847093669011478,2.1417939509840918,1.572417671934486
0.12884116993706035,1.4486226332286578,1.5120179309011206
0.12921140318400592,1.8829196185997583,1.633057349321989
0.1295816364309515,4.127753538891864,1.599453671897954
0.12995186967789707,2.9380084876643875,1.639151214504705
0.13032210292484264,1.1775983635339917,1.921559941420971
0.13069233617178824,1.5003547370398405,1.7490789860351499
0.13106256941873382,0.01059084939748646,1.647864864939951
0.1314328026656794,0.9771840347619987,1.4772048243443916
0.13180303591262496,3.0107732001078458,1.1918100049682088
0.13217326915957053,0.41698439712588026,1.1736570340116497
0.1325435024065161,0.43648142227667097,1.2767220457239015
0.13291373565346168,0.1763192126441649,1.1711819500197804
0.13328396890040725,1.2738053451300357,1.1925980676744614
0.13365420214735282,2.756478778098796,1.1253130987829547
0.13402443539429842,2.2082484806565086,0.9956106464415798
0.134394668641244,0.44495377999862856,0.9997636282588948
0.13476490188818957,0.22475202594429697,0.9966487648188996
0.13513513513513514,0.30433434584693164,1.376084469740662
0.13550536838208072,1.7137486766940973,1.4647022609597458
0.1358756016290263,0.45851421529903025,1.2568804174925863
0.13624583487597186,0.4053327878767203,1.1052669295167161
0.13661606812291743,3.9706762618617883,1.155952719903877
0.136986301369863,2.159983257320872,1.3518641831103524
0.1373565346168086,0.6782603434272025,1.5676474597154086
0.13772676786375418,0.6921136008978077,1.443845277477085
0.13809700111069975,0.9518116838702371,1.46624959036231
0.13846723435764532,2.183866658009051,1.4386346667847076
0.1388374676045909,2.4621671118974944,1.1308963717706095
0.13920770085153647,0.47572685431085904,1.2012867498311344
0.13957793409848204,0.6825573441512819,1.1986000979006168
0.13994816734542762,0.12918355210069704,1.3404997139316235
0.1403184005923732,0.8932933117208075,1.2753702035217438
0.1406886338393188,2.86388703792612,1.1115283195690029
0.14105886708626436,0.6513938241220275,1.1849003464084318
0.14142910033320993,2.1111097612078735,1.5047934308238469
0.1417993335801555,0.3005165797714404,1.4413716509815764
0.14216956682710108,0.5454478184816408,1.6104350337976823
0.14253980007404665,3.1958873802917824,1.7328479191254362
0.14291003332099222,3.674657698465011,2.354016371828496
0.1432802665679378,0.0483395457285759,2.3580319332157154
0.14365049981488337,1.8198173802617565,2.2728985012261758
0.14402073306182897,2.1174221649983505,2.427539582172445
0.14439096630877454,9.07557156495672,2.402588846925907
0.14476119955572012,0.6915494379942184,2.091546357031236
0.1451314328026657,1.2597754413124793,1.7739831025179875
0.14550166604961126,1.8469273892341298,1.8746145317429836
0.14587189929655683,0.29594046601626134,1.7058354167916367
0.1462421325435024,0.08546248134507024,1.5266187596125338
0.14661236579044798,0.49902515333252645,0.6703620685848269
0.14698259903739355,1.0546538379785368,0.6183050745079789
0.14735283228433915,0.1320262307482871,0.5798003866077075
0.14772306553128473,0.32525559320732245,0.528333582169352
0.1480932987782303,0.513004654679652,0.6046640936646579
0.14846353202517587,0.17097949722573746,0.8843645486299929
0.14883376527212144,0.8747285623097649,0.9520284993520887
0.14920399851906702,1.3322593448505757,0.8504441911718873
0.1495742317660126,1.0592455809693202,0.8416192256407943
0.14994446501295816,2.8824670309984204,0.8246291802178719
0.15031469825990373,1.1756646605534842,0.8859392446123711
0.15068493150684933,0.03881075617652198,0.8717480207309727
0.1510551647537949,0.043776575437356906,0.8210654001129398
0.15142539800074048,0.15535513897809866,0.6985517303694282
0.15179563124768605,1.1261052986246423,0.593415218238359
0.15216586449463163,0.02906725841175347,0.9664900210495414
0.1525360977415772,0.3679023561294375,0.9623163203127858
0.15290633098852277,0.10712264741545927,1.0785811795926783
0.15327656423546834,0.007880459658627478,1.192745646925505
0.15364679748241392,6.613215059110245,1.2695484293675146
0.15401703072935952,1.133927653185928,1.3734457739050718
0.1543872639763051,1.2014593489754484,1.388581005377901
0.15475749722325066,1.185421248765624,1.3986254749017235
0.15512773047019623,0.9233829633981934,1.4716172532053473
0.1554979637171418,2.1650787440002155,1.4784357891521847
0.15586819696408738,0.1804195731400457,0.9319156176419474
0.15623843021103295,0.4683470513676622,0.8493632477495348
0.15660866345797853,0.8370404304516978,0.801598494301355
0.1569788967049241,0.07606581912699993,0.717444591090525
0.15734912995186967,1.1480133440078724,0.8305633757024022
0.15771936319881527,0.3084039542618016,0.7183682087339002
0.15808959644576084,0.7238118144936504,0.8479166837421562
0.15845982969270642,0.34388221665732516,0.9840775931578968
0.158830062939652,2.054570809516965,0.9012623591069584
0.15920029618659756,1.0431270743151948,1.0627875240688895
0.15957052943354313,1.4759043232226057,0.9806635744356551
0.1599407626804887,1.8299561455250672,1.0623049371433366
0.16031099592743428,0.008888089942313566,1.0277359051088264
0.16068122917437985,1.6913174687463117,1.1856713539649624
0.16105146242132545,0.3267738476755282,0.9910897352313915
0.16142169566827103,1.1248175813386152,1.5982351942381143
0.1617919289152166,0.3781214941485471,1.5907627496147705
0.16216216216216217,1.9232367052186852,1.5096017713811278
0.16253239540910774,0.1087546221812572,1.5599653522652446
0.16290262865605332,7.114581664382424,1.3950143722191515
0.1632728619029989,1.401179876989168,1.3915453526256212
0.16364309514994446,1.0183463631886398,1.4458828510424464
0.16401332839689003,0.5125238987834813,1.4149688627260073
0.16438356164383564,0.04180766828537966,1.3178306026758495
0.1647537948907812,0.2920836517402258,1.3089692188153428
0.16512402813772678,1.668192565506868,0.7899427273517431
0.16549426138467235,0.06898161098415591,0.8040816769034704
0.16586449463161793,0.9518541047171082,0.9205645120701963
0.1662347278785635,0.020140783576190303,0.9009700879448866
0.16660496112550907,1.924316749746427,0.9624066318609289
0.16697519437245464,1.5425693725064402,0.9891443115217846
0.16734542761940022,2.1831747148558995,0.9502724287882872
0.16771566086634582,0.31657965753038536,0.94737564581754
0.1680858941132914,0.6561731074458019,0.9404840161852276
0.16845612736023696,0.5594604483487838,0.9387543830938887
0.16882636060718254,1.2794737381718932,0.7629284115464037
0.1691965938541281,0.04001378127668328,0.6265608944212858
0.16956682710107368,0.8829378083939838,0.47839371510778184
0.16993706034801925,0.0028444526628003293,0.4739183709710577
0.17030729359496483,0.1660570342715774,0.42731897533956814
0.1706775268419104,0.1788942012552619,0.5465597692662753
0.171047760088856,0.7015029217208599,0.6018694698904926
0.17141799333580157,0.271826216163144,0.7386862369506202
0.17178822658274714,0.19017915113090594,0.6753707469140313
0.17215845982969272,1.7518683876158556,0.7001267007084189
0.1725286930766383,1.8325707444140664,0.831389477522622
0.17289892632358386,1.4081814518779585,0.8189518715722668
0.17326915957052944,0.24978290802809483,0.7899607115591448
0.173639392817475,0.2504039906066765,0.8434014904837301
0.17400962606442058,1.4786848024136086,0.8776509562616462
0.17437985931136618,0.054518141751710034,0.8156405093283734
0.17475009255831175,0.4115913215896397,0.6841797288415178
0.17512032580525733,0.8062340054089974,0.5690680772681104
0.1754905590522029,0.5326738089100678,0.556826905294234
0.17586079229914847,1.131763918283126,0.5715598665234524
0.17623102554609404,0.5179629395455098,0.4563279172710897
0.17660125879303962,0.25706493614388465,0.4868001560205949
0.1769714920399852,0.12737118828933083,0.4524653071957392
0.17734172528693076,0.397733602898861,0.3950491805988432
0.17771195853387634,0.32636530988998175,0.3961249716721113
0.17808219178082194,0.3592405292467622,0.30303558600331404
0.1784524250277675,0.06824283334108316,0.2749982389659803
0.17882265827471308,0.23207273944003756,0.3511952075452557
0.17919289152165865,0.5434317196427488,0.4618316318262187
0.17956312476860423,0.2008700615951533,0.46258938694359736
0.1799333580155498,0.2375894691721727,0.530538162995366
0.18030359126249537,1.0190346219366386,0.8031213007937203
0.18067382450944094,1.2337354310989614,0.9689517429168706
0.18104405775638652,0.405311154072647,1.1613868398980198
0.18141429100333212,1.0058530704076685,1.8193855713649327
0.1817845242502777,3.085071907230305,1.941998838540258
0.18215475749722326,1.7265472545725862,1.9224155992592582
0.18252499074416884,2.156423709251529,1.949925319553935
0.1828952239911144,7.123419034311876,1.8762529378292492
0.18326545723805998,1.4270027333484046,1.915278917937482
0.18363569048500555,0.041757076362176786,2.0505921007301735
0.18400592373195113,1.2941318248834075,1.8274377870954717
0.1843761569788967,0.4970116138521029,1.6724366105665898
0.1847463902258423,0.795570955154978,1.4849466339250568
0.18511662347278787,2.358984898334585,0.8970541199472194
0.18548685671973345,0.8535287708832836,0.951946285719729
0.18585708996667902,0.1765354892837671,0.9853091201194095
0.1862273232136246,0.2815239428362012,0.922893985680804
0.18659755646057016,1.2444938945335018,1.1731768001571063
0.18696778970751574,1.9759243910735005,1.2290255174533047
0.1873380229544613,0.37538542035898154,1.17295272045022
0.18770825620140688,0.6699804804973524,1.1450648990688053
0.18807848944835248,2.9998397586151273,1.1747697549451672
0.18844872269529805,1.35405812811696,1.1826647564044752
0.18881895594224363,1.7982569283037386,1.1786689221044164
0.1891891891891892,0.5746505570691368,1.2778580490213893
0.18955942243613477,0.473584048047388,1.5074541544690458
0.18992965568308035,0.36047395742928007,1.4414522524674294
0.19029988893002592,1.2045355515329128,1.3044953650052116
0.1906701221769715,2.9678156602432315,1.1744369758458821
0.19104035542391706,2.6713464748355453,1.1070420049545684
0.19141058867086266,0.009961460481187389,1.0961385750866346
0.19178082191780824,1.6302708839929492,1.078970385249597
0.1921510551647538,0.05347423652366621,1.1255503918692868
0.19252128841169938,1.1243072193906007,1.0111271213650603
0.19289152165864495,0.4656162583897999,0.9438204645369976
0.19326175490559053,0.3019021496770116,0.8141658732274273
0.1936319881525361,0.8262740236261783,0.8698420928340258
0.19400222139948167,0.06030284649064811,0.8263759783267973
0.19437245464642725,2.2947490919626046,0.9055744986642063
0.19474268789337285,1.3748005617398418,0.8054553689909829
0.19511292114031842,0.5667236565471732,0.7690951061865702
0.195483154387264,1.195609738920664,0.7682817189724114
0.19585338763420956,0.8454594398977557,0.6996076890464135
0.19622362088115514,0.12311592265836663,0.7531377534838911
0.1965938541281007,0.10201363034567298,0.6347836462470356
0.19696408737504628,0.29376827753542295,0.7556441042386278
0.19733432062199185,0.1395337243661989,0.7320305488749389
0.19770455386893743,0.5956034908654239,0.6301382211446738
0.19807478711588303,1.1112080195940497,0.5685961943877963
0.1984450203628286,2.5834051416557635,0.6239525975296569
0.19881525360977417,0.3305881029102839,0.6639136877840436
0.19918548685671975,0.1766864616180133,0.6574367642917304
0.19955572010366532,0.23003917232898138,0.8009932446782664
0.1999259533506109,0.6766799540769725,0.8203923330671202
0.20029618659755646,0.5016245328895393,0.7327434035127142
0.20066641984450204,0.228999042612291,0.5151710809931148
0.2010366530914476,1.5750985282315575,0.7986592508506802
0.2014068863383932,0.7895943747539621,0.7982428276263932
0.20177711958533878,0.23471872404998903,0.9497616399955892
0.20214735283228435,0.4076819164597704,0.8898916605750582
0.20251758607922993,3.1654698014859384,0.8595958255592355
0.2028878193261755,0.17252222937514253,1.0502129745677442
0.20325805257312107,1.74522729602094,1.0760917387619813
0.20362828582006665,0.0779801598716634,1.127975771381365
0.20399851906701222,0.19866618273131306,1.1807292398330582
0.2043687523139578,2.1351705326973764,1.1956217817010477
0.20473898556090336,1.8338861701739289,0.8985161922057541
0.20510921880784896,1.308434700947799,1.0448289499274437
0.20547945205479454,0.7622534085669219,1.1184677191176442
0.2058496853017401,0.5566073351396653,1.2432188629377992
0.20621991854868568,0.19441390653300258,1.27496192433343
0.20659015179563125,1.6356498065920377,1.1132481576905664
0.20696038504257683,2.481614987922947,1.0140653151326646
0.2073306182895224,1.325491598073212,0.9493724392462048
0.20770085153646797,0.5160967966876226,0.964597442022912
0.20807108478341355,0.5180328662687383,0.9261829825069595
0.20844131803035915,0.842057744594911,0.9191875371856023
0.20881155127730472,0.6615059420832026,0.916610846916719
0.2091817845242503,0.9145034363339936,0.7780279351052841
0.20955201777119586,0.17246273998014064,0.6665344445688801
0.20992225101814144,0.12445945331943024,0.6889549348849824
0.210292484265087,1.6098829039032048,0.6881050939637272
0.21066271751203258,1.0957858698085983,0.6753176575907968
0.21103295075897816,0.210556692709171,0.6814580836348847
0.21140318400592373,0.7403016998486465,0.6207069083974196
0.21177341725286933,0.5095344570561858,0.6347041290920583
0.2121436504998149,0.7141833808656065,0.6577271467378187
0.21251388374676047,0.7229102025240817,0.5135083294847698
0.21288411699370605,0.30699168395934306,0.4611204627220338
0.21325435024065162,0.31243494692652835,0.5920600128314335
0.2136245834875972,0.35468962977703405,0.5918515632940957
0.21399481673454276,0.16769473137271562,0.5842990095234447
0.21436504998148834,0.571907202181238,0.5667716396762582
0.2147352832284339,1.5199521938031677,0.5547603443243064
0.2151055164753795,0.7382172044752688,0.6862876710941227
0.21547574972232508,0.43400891934967606,0.7010633077365
0.21584598296927066,0.5389096823937419,0.7537608614912371
0.21621621621621623,0.6027972490045631,0.7804270440542486
0.2165864494631618,1.6222649516575056,0.8679378585157596
0.21695668271010737,0.4601913133503016,0.9375031608390682
0.21732691595705295,0.8816651673244054,0.9016010056275328
0.21769714920399852,0.4343565570028299,0.8985914063871079
0.2180673824509441,1.4470153467963465,0.9173636579635508
0.2184376156978897,2.2156052170362552,1.0319319998697973
0.21880784894483526,0.3791956523599148,0.9241619031308623
0.21917808219178084,0.4039129269454269,0.886203045128109
0.2195483154387264,0.7266321981581715,0.7991154054892429
0.21991854868567198,1.748480668067028,0.7804042683243075
0.22028878193261756,0.5445639842681564,0.665890694596328
0.22065901517956313,0.0806027333227673,0.5892005871197592
0.2210292484265087,0.010788770935743689,0.5525486664981164
0.22139948167345427,0.24724518535347656,0.5932505744385261
0.22176971492039987,0.30187960951655124,0.5746445649552261
0.22213994816734545,1.4487041422705669,0.4086067523053756
0.22251018141429102,0.012676446143487747,0.3570965609659043
0.2228804146612366,0.8109320063495248,0.5261750985700864
0.22325064790818216,0.5405721033251703,0.5775488319437901
0.22362088115512774,0.08810254156852343,0.5585004535855279
0.2239911144020733,0.029462070873443758,0.6066264781123726
0.22436134764901888,1.7713881093645885,0.5686827983411227
0.22473158089596446,0.524526104672781,0.6268315826111457
0.22510181414291003,0.056761401770853995,0.5886976458958271
0.22547204738985563,0.7831398547849983,0.6707785435767013
0.2258422806368012,1.0692673445580676,0.6705065434648236
0.22621251388374677,0.5941642888437175,0.6940043745678577
0.22658274713069235,0.42959263919633944,0.5349755398869733
0.22695298037763792,1.3613810801339126,0.5129081306004741
0.2273232136245835,0.0853825404497463,0.5429857448625347
0.22769344687152906,0.264440381903785,0.5120269917330831
0.22806368011847464,0.1810997625557444,0.43023577289291204
0.2284339133654202,0.30385201180779,0.41454516212989867
0.2288041466123658,0.35753754439145913,0.45451023136798796
0.22917437985931138,0.47355232349048304,0.6621209795980068
0.22954461310625696,0.2513551561563566,0.7599253504286015
0.22991484635320253,0.4372581812135837,0.7357966210465948
0.2302850796001481,0.8292433315772322,1.0449083496449354
0.23065531284709367,3.437488562434101,1.0939996368480132
0.23102554609403925,1.063426248755694,1.18627463706856
0.23139577934098482,0.0231530880837172,1.2275802981300266
0.2317660125879304,3.272217048539151,1.382481623948524
0.232136245834876,0.7947648838385672,1.4372560890358816
0.23250647908182157,1.280287546596925,1.379224449108174
0.23287671232876714,0.8866089341051485,1.2872237158076747
0.2332469455757127,1.8003684143413334,1.3238290055338606
0.23361717882265828,0.9850028320871589,1.3274950877920542
0.23398741206960386,0.24892693230015675,1.1244288449559972
0.23435764531654943,2.5174812294291073,1.0948023505549749
0.234727878563495,1.429479146017553,0.9790101183554676
0.23509811181044057,0.05981391066565379,0.8943312197788253
0.23546834505738617,1.2415546201785794,0.7380221665971733
0.23583857830433175,0.498499939828346,0.6961215598051442
0.23620881155127732,0.12236522460185183,0.8712127405920338
0.2365790447982229,0.0398199483387274,0.6802015060259456
0.23694927804516847,0.23727788252481352,0.7552421983246869
0.23731951129211404,0.5659967641668677,0.8556401739959597
0.2376897445390596,1.999838740169053,0.7490909127305316
0.23805997778600518,0.6073688837682256,0.703080826692227
0.23843021103295076,2.179886069004966,0.7878544806776626
0.23880044427989636,1.0637936673783819,0.8699116365027159
0.23917067752684193,0.17606200752429985,0.8535466138585533
0.2395409107737875,0.038399079445299814,0.8156358164506037
0.23991114402073307,0.9701017644562075,0.6193427281473791
0.24028137726767865,0.8603915065892604,0.5757095425451169
0.24065161051462422,0.07362765608318825,0.45180625979935335
0.2410218437615698,0.18688879008737108,0.47831970370244026
0.24139207700851537,0.036907857136807505,0.47360107413808483
0.24176231025546094,0.1710370277456043,0.5645521600429317
0.24213254350240654,0.9408532415473302,0.5202654924791448
0.2425027767493521,1.3289281064092515,0.44072518432907826
0.24287300999629768,0.12887571188074567,0.43829221631527127
0.24324324324324326,0.9479099384937686,0.46818218446215853
0.24361347649018883,0.5272350888183377,0.4666348403623129
0.2439837097371344,0.06498842508859504,0.4541342209462379
0.24435394298407997,0.04929797594511836,0.38159606466291224
0.24472417623102555,0.4857884715562442,0.2911780551893137
0.24509440947797112,0.021434416138351446,0.4304730352509677
0.24546464272491672,0.04603083358485447,0.3532501350634971
0.2458348759718623,0.2154716787140734,0.31613024379867855
0.24620510921880787,0.4247480116732666,0.3243005875138527
0.24657534246575344,1.521825512497285,0.3520376299370725
0.246945575712699,0.17568093661906306,0.3826409273363816
0.24731580895964458,0.15603617617015186,0.4433458345078162
0.24768604220659016,0.14669186224033665,0.5107104418326125
0.24805627545353573,0.32666840017731597,0.5198662054180543
0.2484265087004813,0.7918214455493353,0.4857136741337052
0.2487967419474269,0.6284834878526978,0.39194528318830657
0.24916697519437248,0.7196769068328166,0.40146220036922325
0.24953720844131805,0.3070293145684926,0.4005948989251576
0.24990744168826362,0.08322269882977547,0.4275993270783373
0.2502776749352092,0.5841416030432989,0.5110702392633087
0.25064790818215477,0.27085010842823015,0.4992276876137258
0.25101814142910034,0.14736316172949537,0.4490808162030537
0.2513883746760459,0.41673614377213375,0.4311586344921713
0.2517586079229915,1.1613775220270304,0.41118248833722026
0.25212884116993706,0.6733959290535059,0.45128111716946967
0.25249907441688263,0.1270147737459763,0.4655428352025993
0.2528693076638282,0.5404550897239924,0.6504844389018276
0.2532395409107738,0.1072678530189821,0.6914000803094669
0.25360977415771935,0.4842089871522694,0.6640431631561801
0.253980007404665,0.7267587833745952,0.5685715260152733
0.25435024065161055,2.1202661454205125,0.5598964879183188
0.2547204738985561,0.5565195758058881,0.601046923107181
0.2550907071455017,0.1431669722392658,0.6205991529217911
0.25546094039244727,0.2066611506179631,0.6170908014897919
0.25583117363939284,0.5866455480839604,0.5721203404313815
0.2562014068863384,0.5385191256345985,0.5044432485648972
0.256571640133284,0.7359773878700931,0.2932846639369287
0.25694187338022956,0.07218433869898983,0.27118927311865954
0.25731210662717513,0.03450437656816584,0.33276628135952085
0.2576823398741207,0.04998786470975161,0.3227963410465891
0.2580525731210663,0.00868029914082745,0.28412893872833284
0.25842280636801185,0.33556566762319645,0.2739298557541542
0.2587930396149574,0.7589370546478791,0.2551497347641264
0.259163272861903,0.10696174748864538,0.2767544904998524
0.25953350610884857,0.1999715249013976,0.28566650804148086
0.25990373935579414,0.43652829589281167,0.39253119365120376
0.2602739726027397,0.5481761779698155,0.4187985488769894
0.2606442058496853,0.28823189605624966,0.453216326825557
0.2610144390966309,0.12362455198445027,0.5001254521451419
0.2613846723435765,1.1186347208069805,0.6053165555489388
0.26175490559052206,0.27135385139868423,0.7150419840834581
0.26212513883746763,0.6797434471088726,0.736134710057216
0.2624953720844132,1.2280283078437282,0.7391000711408819
0.2628656053313588,1.1588727815266147,0.7650920625867601
0.26323583857830435,1.2972258102465901,0.8247195756950815
0.2636060718252499,0.6474555556303905,0.758911901317577
0.2639763050721955,0.5778297888064747,0.7353896535287042
0.26434653831914107,0.5481518105150308,0.7656596167441473
0.26471677156608664,0.7198996830676639,0.648575182547158
0.2650870048130322,0.4605579770319364,0.5838885945853025
0.2654572380599778,0.03613137350995653,0.5583416551704617
0.26582747130692336,0.9824430792633037,0.4965851626304866
0.26619770455386893,0.05718396587383466,0.475202472561086
0.2665679378008145,0.5120069019080594,0.45419710820863557
0.2669381710477601,1.0417564160981834,0.43519531002627226
0.26730840429470565,0.029890630230638243,0.4456800495194774
0.2676786375416513,0.3640028881124694,0.5574709560317525
0.26804887078859685,0.33809816699052664,0.5349165242509678
0.2684191040355424,0.529881701244031,0.565255966862225
0.268789337282488,0.5654053719639878,0.5180347421841756
0.26915957052943357,1.1540404386327074,0.4168809465668871
0.26952980377637914,0.7568987614554576,0.45624608286516466
0.2699000370233247,0.36057839198640684,0.5855422331276297
0.2702702702702703,0.03979465512756474,0.5552358111790772
0.27064050351721586,0.030218459925298678,0.5203872736263448
0.27101073676416143,0.42354199321341374,0.5391899130511291
0.271380970011107,1.6569643907371185,0.5115952455193553
0.2717512032580526,0.035033947505001675,0.8138400716557612
0.27212143650499815,0.18139632571670888,0.9065676530006705
0.2724916697519437,0.7534317662118292,0.9676697097945903
0.2728619029988893,0.8780937633149704,1.0181010752146284
0.27323213624583487,3.7793470228195156,0.9901937576538019
0.27360236949278044,1.2878542054355004,0.9660107526881052
0.273972602739726,0.6508152230667622,1.0314159424449836
0.27434283598667164,0.5345321141256815,1.06718308342003
0.2747130692336172,0.14446881760514727,1.0460078493291287
0.2750833024805628,1.4151343410801511,0.9885683705045581
0.27545353572750836,0.6890858450737851,0.6239242042422315
0.27582376897445393,0.5390677354671739,0.5384981584141417
0.2761940022213995,0.541679425302817,0.5720296895451196
0.2765642354683451,0.30369897506926297,0.5792345052861447
0.27693446871529065,0.13290536019624868,0.592590902914275
0.2773047019622362,0.43359374715460325,0.46031810803058687
0.2776749352091818,0.9861305343765395,0.4554070139086056
0.27804516845612737,0.6065802715359327,0.5289169020467468
0.27841540170307294,0.2780327938864494,0.5266055033879009
0.2787856349500185,0.09240639224327069,0.49739117343776185
0.2791558681969641,0.6399749038539719,0.4845526823112866
0.27952610144390966,1.2741666168485863,0.4728795561435416
0.27989633469085523,0.5185654387143588,0.4454573529208063
0.2802665679378008,0.011555675567871952,0.48568639652184764
0.2806368011847464,0.004520448931496804,0.48348790200866343
0.281007034431692,0.316862485477153,0.5711207475987685
0.2813772676786376,0.7119085021491866,0.5270853265678423
0.28174750092558315,1.0088707075463461,0.42012451628761915
0.2821177341725287,0.25604784875460773,0.40637214393515614
0.2824879674194743,0.9687348481443219,0.45424111860151106
0.28285820066641987,0.19962069354470927,0.5128270200119325
0.28322843391336544,0.204558514046355,0.5401919753850066
0.283598667160311,0.3810417151897283,0.5004869355863903
0.2839689004072566,0.49024542223142076,0.4575281818761148
0.28433913365420216,0.5903794630357105,0.47923693952669505
0.28470936690114773,0.5905120392078951,0.4476015786856352
0.2850796001480933,0.3148581041630236,0.431299071928761
0.2854498333950389,0.5792831704435916,0.4364275222697688
0.28582006664198445,0.47313542526041047,0.5272103251307667
0.28619029988893,0.652381239733723,0.5282861205635673
0.2865605331358756,0.036595625975967036,0.5538110396158848
0.28693076638282117,0.255843017456433,0.5313767094257942
0.28730099962976674,1.2888697437997076,0.5134379703208181
0.2876712328767123,0.501003376559426,0.5211333815151031
0.28804146612365794,0.8456286535588863,0.4832488802272318
0.2884116993706035,0.36616873730698896,0.4318496363901854
0.2887819326175491,0.13547071311326225,0.47348724676071197
0.28915216586449466,0.6562372823864419,0.45498593796279757
0.28952239911144023,0.09429041238169722,0.34028417673434475
0.2898926323583858,0.13838880136325946,0.3501854931394449
0.2902628656053314,0.452971729681232,0.4176193468059667
0.29063309885227695,0.07082992947728924,0.42279587817742004
0.2910033320992225,0.14185213151517923,0.43884104826195847
0.2913735653461681,0.6000165406104275,0.5181929163005061
0.29174379859311367,1.5199671902241043,0.529075299052507
0.29211403184005924,0.417934051021522,0.5961322989481131
0.2924842650870048,0.29592241395864677,0.5940691174120498
0.2928544983339504,1.4497559627719185,0.6756056443922386
0.29322473158089596,0.20311423990170638,0.7080153479652157
0.29359496482784153,0.8089588003193208,0.7379702866346682
0.2939651980747871,0.43233991432059904,0.6082193050379633
0.2943354313217327,0.8861951992791764,0.576894805488527
0.2947056645686783,0.4659491672449504,0.5600130417903522
0.2950758978156239,0.8995659273049528,0.4762570328325233
0.29544613106256945,0.2224573742570555,0.6071782835635674
0.295816364309515,0.10468905552715911,0.5358786184693981
0.2961865975564606,0.12710477697689776,0.5703413330699989
0.29655683080340617,0.6121958731936297,0.5175457156948999
0.29692706405035174,1.5123267472121478,0.4780477962192059
0.2972972972972973,0.09596214937762743,0.4443208073405036
0.2976675305442429,0.7769670603266076,0.5230831749383911
0.29803776379118846,0.35823902552818604,0.5615369271939448
0.29840799703813403,0.07096997248800978,0.5757726092372136
0.2987782302850796,0.5622960385179303,0.5558584162639446
0.2991484635320252,1.01008105023593,0.41709724466745524
0.29951869677897075,0.4892265780826959,0.47430516857186367
0.2998889300259163,0.2694615974095869,0.47872259540934897
0.3002591632728619,0.41305394346093927,0.5416101117101177
0.30062939651980747,0.12471503124725357,0.55075454212022
0.30099962976675304,0.6680413884217122,0.5249384838551977
0.30136986301369867,0.8211413287014601,0.5167706391922453
0.30174009626064424,0.9871141885358743,0.48569331795987225
0.3021103295075898,0.16241427658903268,0.4667175257254029
0.3024805627545354,0.3041354558677073,0.5584905120439156
0.30285079600148096,0.9284026036064053,0.5719330305738513
0.30322102924842653,0.17845336575896523,0.5098033801025579
0.3035912624953721,0.07970367506489338,0.5721144720033317
0.3039614957423177,1.3307838066460664,0.48100560646949153
0.30433172898926325,0.2591402165466105,0.54874702216829
0.3047019622362088,0.04674488370877832,0.549316967345658
0.3050721954831544,1.4442522477091968,0.4641236285871935
0.30544242873009997,0.0760255331974735,0.5864699713201051
0.30581266197704554,0.8398284335770168,0.6645042887245118
0.3061828952239911,0.30983490764138794,0.6044793797675715
0.3065531284709367,0.07646921602176063,0.5801425680753602
0.30692336171788226,1.4019167930880818,0.5894505777039798
0.30729359496482783,0.8600468491089599,0.5272320147286023
0.3076638282117734,0.7305347170766628,0.5271963709225729
0.30803406145871903,0.01577209962449794,0.4489941532240128
0.3084042947056646,0.139824979994973,0.42486536248008855
0.3087745279526102,0.8220666179554226,0.4512809204390007
0.30914476119955575,0.07566909513717979,0.3204520645594255
0.3095149944465013,0.0578062565914156,0.30792831404539883
0.3098852276934469,0.06854700020214483,0.24243740540424427
0.31025546094039247,0.3406247956108819,0.254359118339119
0.31062569418733804,0.09362823429232975,0.2622302079570535
0.3109959274342836,0.7348093439686929,0.18794640765018333
0.3113661606812292,0.0756256306651173,0.22790863601238076
0.31173639392817476,0.13498922897324517,0.27018670811199025
0.31210662717512033,0.21853587617431805,0.27607159121036
0.3124768604220659,0.0792286148867209,0.3117121073935114
0.3128470936690115,0.4752913787591541,0.31643923462801427
0.31321732691595705,0.48058697758751046,0.32288912162042976
0.3135875601629026,0.12739583118584225,0.319273156734619
0.3139577934098482,0.6970299574423959,0.3246836355670948
0.31432802665679377,0.14089950663735845,0.31468975933996807
0.31469825990373934,0.7993082138928478,0.3943600457539582
0.31506849315068497,0.03946598180700961,0.34735816259232843
0.31543872639763054,0.18909401729800324,0.3475824126898636
0.3158089596445761,0.11859711390305087,0.3572286210242693
0.3161791928915217,0.8759314790266227,0.312014601802204
0.31654942613846726,0.005272547142856652,0.3374658474844214
0.31691965938541283,0.48282947856286207,0.31749740532574233
0.3172898926323584,0.2238579145298988,0.3771006820071925
0.317660125879304,0.24488976522174294,0.42391235109216696
0.31803035912624955,0.39541196345953294,0.5169598649557064
0.3184005923731951,0.5996237923060572,0.44593052784720033
0.3187708256201407,0.6354987486215112,0.4913518848190317
0.31914105886708627,0.6572107081477481,0.46363935426304537
0.31951129211403184,1.0490722525384462,0.4590444181445454
0.3198815253609774,0.16563810794156164,0.44386427972088727
0.320251758607923,0.45948611686117025,0.49578239738999097
0.32062199185486856,0.20570417300299865,0.4447647815490653
0.32099222510181413,0.17790855334489938,0.3979718853358825
0.3213624583487597,0.09308838098516227,0.34869786329249775
0.32173269159570533,0.9145931401505699,0.24937607105914078
0.3221029248426509,0.0894476338968009,0.23455413023509436
0.3224731580895965,0.16756978648968374,0.2179224674879363
0.32284339133654205,0.1644704877139004,0.19761899907162125
0.3232136245834876,0.05585433020487667,0.1991373737527613
0.3235838578304332,0.01741869970109757,0.21152038416537958
0.32395409107737877,0.29316948938958953,0.1755493524624569
0.32432432432432434,0.0026694888398480733,0.20933849425932088
0.3246945575712699,0.19309230015629994,0.2480529409849587
0.3250647908182155,0.216918485111345,0.38280019068864024
0.32543502406516106,0.5548828231213433,0.3793272573286596
0.32580525731210663,0.4273390518654406,0.3887528971980354
0.3261754905590522,0.5547142537460618,0.4122969065692444
0.3265457238059978,1.511942984750716,0.44768831775915024
0.32691595705294335,0.021124996605070136,0.44921849674294434
0.3272861902998889,0.11167509839485573,0.4325219534600769
0.3276564235468345,0.528609583101679,0.39336708116453145
0.32802665679378007,0.3565836007389065,0.5539474604820004
0.3283968900407257,0.2083940899942412,0.500774994474744
0.32876712328767127,0.04995305228267013,0.36003090972617063
0.32913735653461684,0.1633341001658891,0.454168541282291
0.3295075897815624,2.0331428450401297,0.5034363007759263
0.329877823028508,0.022989593673498437,0.5434050845414318
0.33024805627545356,0.10450213726498148,0.5178254877911664
0.33061828952239913,0.9625013121662742,0.5013118766195961
0.3309885227693447,0.6043526933312078,0.4971965543058787
0.3313587560162903,0.928297420756734,0.49445282083059877
0.33172898926323585,0.1007876332362538,0.3218338364600866
0.3320992225101814,0.04325797827853866,0.35147071696529725
0.332469455757127,0.008799829145495845,0.37686686258856616
0.33283968900407257,0.13589676541308954,0.2904623882527032
0.33320992225101814,0.3069530013350079,0.2439926233066254
0.3335801554979637,0.31935839872560506,0.1549260973393245
0.3339503887449093,0.3584635934976707,0.14881425912707766
0.33432062199185486,0.09845656880764465,0.2135246676404689
0.33469085523880043,0.13965504387042937,0.23717149793393139
0.335061088485746,0.037632161083724955,0.3162774217064283
0.33543132173269163,0.03966925111378548,0.3453464716984479
0.3358015549796372,0.6903620634124509,0.31990226343063394
0.3361717882265828,0.2452681320801207,0.2850903418312035
0.33654202147352835,0.9269560031380587,0.3050596662848419
0.3369122547204739,0.5976435012552035,0.3707875912934971
0.3372824879674195,0.06491631604746533,0.4330233749593858
0.33765272121436507,0.010344377503366838,0.4760554062382045
0.33802295446131064,0.29814981334402796,0.4274526531531439
0.3383931877082562,0.7969342939569813,0.504606210851683
0.3387634209552018,0.659989997742612,0.4746550524447106
0.33913365420214736,0.4699895639019725,0.5128712441505859
0.33950388744909293,0.20433453256184508,0.508992888660632
0.3398741206960385,1.0168037090655113,0.541814647940431
0.3402443539429841,0.6274444190683348,0.5133812040765983
0.34061458718992965,0.9798054183139568,0.5287843521507007
0.3409848204368752,0.02613276114792527,0.4768113433721597
0.3413550536838208,0.338561970301358,0.44005224429211215
0.34172528693076637,0.013815374705700064,0.480760877135488
0.342095520177712,0.9509657746980061,0.3986262731417073
0.34246575342465757,0.1402599099572022,0.3475871634770452
0.34283598667160314,0.10239857310149743,0.37812651269857234
0.3432062199185487,0.611420860995603,0.5866732865582015
0.3435764531654943,0.19545766912770493,0.5875340380044066
0.34394668641243986,0.11705332242171344,0.5936247801511579
0.34431691965938543,1.285198910529228,0.5168934479854537
0.344687152906331,2.111600499744217,0.5498383386852714
0.3450573861532766,0.34716948476340925,0.5579435041942309
0.34542761940022215,0.07472279617321367,0.5017800404579116
0.3457978526471677,0.18365245304096348,0.4916081227528542
0.3461680858941133,0.4697088169553801,0.534545124160495
0.34653831914105887,0.18345022819109147,0.5257367303267769
0.34690855238800444,0.049786223632410066,0.3604538071235067
0.34727878563495,0.09373849207713139,0.35193986421887524
0.3476490188818956,0.5464233364981214,0.3674611327293523
0.34801925212884116,1.1971149721920473,0.43215029026582136
0.34838948537578673,0.45877126771151483,0.38823868291706415
0.34875971862273236,0.26203005571709387,0.378510597809493
0.34912995186967793,0.22993548127798508,0.4577403983924303
0.3495001851166235,0.8305440284056537,0.4608333810966828
0.3498704183635691,0.0305927434678078,0.4264873662420321
0.35024065161051465,0.08616937711537984,0.3298848434222331
0.3506108848574602,0.8420842294617835,0.29277312433171976
0.3509811181044058,0.12466831911965627,0.2701201620884627
0.35135135135135137,0.2029631879516141,0.26172656709978465
0.35172158459829694,0.23108974399405724,0.1816434071607808
0.3520918178452425,0.0876540768063816,0.2911271726763841
0.3524620510921881,0.035500433284522834,0.2900534234800677
0.35283228433913366,0.14599953139120492,0.23298921273280357
0.35320251758607923,0.02971242901561564,0.230420629157486
0.3535727508330248,1.1254303986238408,0.21842441134922258
0.3539429840799704,0.07543188515221554,0.2550215244946117
0.35431321732691595,0.27144212198914225,0.24777395842629937
0.3546834505738615,0.0989824833664806,0.2607700638317911
0.3550536838208071,0.0830010098689802,0.2616911568393318
0.35542391706775267,0.5970608754479482,0.35673020626748314
0.3557941503146983,0.015178416123258388,0.26611598338438636
0.35616438356164387,0.1654614873394398,0.2974349050573507
0.35653461680858944,0.15521046146661238,0.3504891334265588
0.356904850055535,0.9801029232971289,0.349342505147037
0.3572750833024806,0.21928816979287277,0.35568370922700365
0.35764531654942616,0.38862110188185905,0.29791882530023034
0.35801554979637173,0.8019844056812233,0.31233869905136286
0.3583857830433173,0.0875162005712632,0.31796122503544705
0.3587560162902629,0.14641305066864588,0.340442745416486
0.35912624953720845,0.019412036180215076,0.28580555504965444
0.359496482784154,0.15937715363458335,0.27145979492761707
0.3598667160310996,0.22168674718028203,0.2377722533268148
0.36023694927804517,0.3800256652770019,0.16599108152714087
0.36060718252499074,0.4337310196288129,0.16808167280489422
0.3609774157719363,0.07583056857249976,0.17044339402615336
0.3613476490188819,0.05174568587383605,0.17990025726128395
0.36171788226582746,0.08417268768448424,0.21704367713701922
0.36208811551277303,0.10842211334879677,0.19765228015831818
0.36245834875971866,0.1700302628812374,0.16139803014707618
0.36282858200666424,0.11398066853152099,0.14862360809687225
0.3631988152536098,0.5308113523919361,0.16915523945569783
0.3635690485005554,0.027772777393271504,0.1650172654525938
0.36393928174750095,0.017483165164581916,0.1596027578718254
0.3643095149944465,0.3059867991267735,0.16067433174025209
0.3646797482413921,0.28114688216075556,0.19651335684902269
0.36504998148833767,0.010365945842795501,0.21408919257890666
0.36542021473528324,0.030027611876800465,0.2204283244479445
0.3657904479822288,0.11913785203306362,0.26121978051689754
0.3661606812291744,0.5284205139689434,0.268890573014508
0.36653091447611996,0.2897390258303607,0.25850520552432743
0.36690114772306553,0.5942026710823144,0.23055489799849735
0.3672713809700111,0.4356873380828015,0.3090228817509635
0.3676416142169567,0.09419109014068691,0.30951915778400185
0.36801184746390225,0.20213312422496785,0.34857161418528027
0.3683820807108478,0.0016438069024544213,0.32346100729293775
0.3687523139577934,0.7950457833674568,0.29532679567819825
0.369122547204739,0.03499037220718446,0.23735569545830945
0.3694927804516846,0.509662416045847,0.2024778112204937
0.36986301369863017,0.2773144450455186,0.19844521348029376
0.37023324694557574,0.0083969096829655,0.21983841009540556
0.3706034801925213,0.014491668883426422,0.2327045765750381
0.3709737134394669,0.08690849570464367,0.18438321768166982
0.37134394668641246,0.053865112738687625,0.1933677920427364
0.37171417993335804,0.41606509037608597,0.14953525821749278
0.3720844131803036,0.13030547169877948,0.19971146636255768
0.3724546464272492,0.3118321944337741,0.23783407228555947
0.37282487967419475,0.12483611581785059,0.28286875025920516
0.3731951129211403,0.07133707779341064,0.31583836712769653
0.3735653461680859,0.7790765264961675,0.3898833737107171
0.37393557941503147,0.3896229689129832,0.34873927478106287
0.37430581266197704,0.4648384486198832,0.3477691277245677
0.3746760459089226,0.41660466438955723,0.32846753331548406
0.3750462791558682,0.7943151785688929,0.32843970748916995
0.37541651240281376,0.004624101079544044,0.32937001849921044
0.3757867456497594,0.12060400113382796,0.3084197760935209
0.37615697889670496,0.11881625034293766,0.3199502211737556
0.37652721214365054,0.1245578575547094,0.2876162140419979
0.3768974453905961,0.08064018789381569,0.2642782591688016
0.3772676786375417,0.5695741024392721,0.18495932803852955
0.37763791188448725,0.5049274197153304,0.24014031746978173
0.3780081451314328,0.14149837730230608,0.2859481108668654
0.3783783783783784,0.18322511565759433,0.27951779187446774
0.37874861162532397,0.001125867266172317,0.27435324967700897
0.37911884487226954,0.556433995392066,0.31094424877683086
0.3794890781192151,0.5786819351046645,0.29519720865319454
0.3798593113661607,0.054513060418961264,0.27851894242128283
0.38022954461310626,0.07291243558012132,0.3089426541325563
0.38059977786005184,0.4465501788920345,0.3025016289789291
0.3809700111069974,0.41210370120290907,0.30262244622694584
0.381340244353943,0.33814475739621314,0.34230538841577685
0.38171047760088855,0.4457354944150407,0.3146779751573229
0.3820807108478341,0.11881486412132233,0.3258217645928569
0.3824509440947797,0.0023340397463394,0.33581794399090836
0.3828211773417253,0.9532634172803766,0.29423396170678606
0.3831914105886709,0.30240780252012434,0.3385378124904457
0.3835616438356165,0.16595095477430175,0.3374371368006598
0.38393187708256205,0.172874229560636,0.3275919217843991
0.3843021103295076,0.03071035605081119,0.33061156645889145
0.3846723435764532,0.8551422090395057,0.3468919730894885
0.38504257682339876,0.32713800049835434,0.2680261731532868
0.38541281007034434,0.34728334425243357,0.2678829865565625
0.3857830433172899,0.14901131086624597,0.268994300498807
0.3861532765642355,0.1651381060523096,0.266033365831746
0.38652350981118105,0.16460541791836025,0.2746052058449949
0.3868937430581266,0.30097593655288096,0.19359197664012368
0.3872639763050722,0.17706409419674668,0.16175701162491624
0.38763420955201777,0.14326488289002617,0.15590326400886115
0.38800444279896334,0.11642875618330058,0.15949676367420856
0.3883746760459089,0.04500991699079287,0.19074885730392185
0.3887449092928545,0.008788350346280118,0.18802946001569532
0.38911514253980006,0.2887458680918826,0.1925647061663846
0.3894853757867457,0.18494630751972033,0.18804915027415342
0.38985560903369126,0.4776590423494425,0.18733134937164692
0.39022584228063684,0.1374114450360949,0.25916559408990403
0.3905960755275824,0.3463283980597739,0.2734401113899018
0.390966308774528,0.13190853527443475,0.2979140959389822
0.39133654202147355,0.13608687386496107,0.29010071519863084
0.3917067752684191,0.8347712033658715,0.27292449686594017
0.3920770085153647,0.18775508999077092,0.22942572035544853
0.3924472417623103,0.25352819583708414,0.22657160469890095
0.39281747500925585,0.2106120606883686,0.21109770875983974
0.3931877082562014,0.013184124192813564,0.22539161799440316
0.393557941503147,0.04267127724452623,0.23354528134287947
0.39392817475009256,0.10887028847061889,0.15238197167987996
0.39429840799703814,0.191589438669162,0.15973260513590604
0.3946686412439837,0.2748476276200685,0.14986972205615326
0.3950388744909293,0.21762350734972408,0.13664719675544412
0.39540910773787485,0.023138106735876574,0.15209640079682243
0.3957793409848204,0.2612614245510317,0.19000431141064017
0.39614957423176606,0.15489936503955637,0.22079756170193696
0.39651980747871163,0.07838680768127725,0.21895724964036792
0.3968900407256572,0.1676761646065967,0.1949504539471922
0.3972602739726028,0.42175038338270376,0.187467658903619
0.39763050721954835,0.4168027913835867,0.1891902698553452
0.3980007404664939,0.1731863180534714,0.17122205283527497
0.3983709737134395,0.03477967068831157,0.1939813940726534
0.39874120696038506,0.14279555691399196,0.20713811471267013
0.39911144020733064,0.040364216253138435,0.19636347262736634
0.3994816734542762,0.08157925435032949,0.1720115199047613
0.3998519067012218,0.3824927774133408,0.13528958134145935
0.40022213994816735,0.20995401408144418,0.2197363512755169
0.4005923731951129,0.059929743753558744,0.3250181333217702
0.4009626064420585,0.17823085615665335,0.3274531723820046
0.4013328396890041,0.049583405750567446,0.33069888969098044
0.40170307293594965,1.0176540173940472,0.3356126571025884
0.4020733061828952,1.0875974911508446,0.3029086112913401
0.4024435394298408,0.1671459475163361,0.2981039841683521
0.4028137726767864,0.07282138934289643,0.3112085178771376
0.403184005923732,0.13071692846640945,0.30805960964827805
0.40355423917067756,0.05545231930085783,0.328682905956328
0.40392447241762314,0.16190774285156417,0.22911134325134808
0.4042947056645687,0.19097508084141335,0.12922985742720877
0.4046649389115143,0.1467417738680579,0.1311673874903705
0.40503517215845986,0.255816368831067,0.14285752824853742
0.40540540540540543,0.021938390344247882,0.1781527369658384
0.405775638652351,0.08878263290945153,0.18272979177053233
0.4061458718992966,0.18652124814795326,0.20618497474690262
0.40651610514624215,0.18972279692456595,0.18878729542842632
0.4068863383931877,0.48366901563941894,0.2404691007095468
0.4072565716401333,0.10122286734779741,0.23349996691710503
0.40762680488707886,0.39645957261526715,0.244896984165294
0.40799703813402444,0.016998287656650287,0.25105727946870215
0.40836727138097,0.6635598266792628,0.2497112796682587
0.4087375046279156,0.1861250309066495,0.24159575019795881
0.40910773787486115,0.13590856282613747,0.22503139053174018
0.4094779711218067,0.15038558594353255,0.2671662363104576
0.40984820436875236,0.1730612501435189,0.2536521616926259
0.41021843761569793,0.10856750222156715,0.25384074930933426
0.4105886708626435,0.3180254189772322,0.19631489098025212
0.4109589041095891,0.522571325134972,0.1981517674145097
0.41132913735653465,0.26131882643694987,0.19553985225127046
0.4116993706034802,0.018884163823733546,0.20056267230374586
0.4120696038504258,0.08830124338844149,0.20120712213537262
0.41243983709737136,0.2044937952492253,0.19450054288502142
0.41281007034431694,0.10978941119374498,0.2009090187345389
0.4131803035912625,0.20061378646828648,0.18156621277041216
0.4135505368382081,0.1795057484597864,0.22657460857451978
0.41392077008515366,0.041501709718055155,0.22517080669359393
0.41429100333209923,0.3821101774724071,0.23150893781574725
0.4146612365790448,0.32914326549370443,0.27031828763221283
0.4150314698259904,0.7114027844780257,0.2724796704215239
0.41540170307293595,0.004846145014475293,0.2751438271721733
0.4157719363198815,0.15168255460997482,0.3180757512728067
0.4161421695668271,0.5925872934138809,0.33876414891603884
0.4165124028137727,0.13140323908685542,0.3606235202908294
0.4168826360607183,0.22725535397478094,0.37886669113431437
0.41725286930766387,0.6088249894661206,0.31738630785878685
0.41762310255460944,0.24838568615037662,0.3286433157951466
0.417993335801555,0.6007038912203126,0.31358053991164186
0.4183635690485006,0.5115749739285541,0.2905595530510573
0.41873380229544616,0.09659895172275082,0.35696748145553797
0.41910403554239173,0.11741622437807271,0.43041698928564986
0.4194742687893373,0.0010547957749273917,0.3724223600014502
0.4198445020362829,0.36237742480803553,0.36885770948716007
0.42021473528322845,0.7954825231316617,0.3296813817631096
0.420584968530174,0.9617504322759004,0.2940709816682058
0.4209552017771196,0.028878696624123536,0.32761365188854996
0.42132543502406516,0.2127391810074757,0.3191969148551471
0.42169566827101074,0.20894061397980826,0.32251559891308385
0.4220659015179563,0.15547097297951512,0.3259643351683136
0.4224361347649019,0.4320256539261928,0.25110858519978485
0.42280636801184746,0.033248854044044075,0.16094982861551954
0.4231766012587931,0.0342416363542952,0.18808273963971794
0.42354683450573866,0.3968647873603328,0.16871456215427144
0.42391706775268423,0.04692502344637411,0.1628577387563949
0.4242873009996298,0.06016286643324758,0.1610740389885685
0.4246575342465754,0.3002078068661075,0.12792561144809933
0.42502776749352095,0.01905740615301055,0.1351543772655519
0.4253980007404665,0.15037238000104275,0.15750779707410184
0.4257682339874121,0.13763397530125146,0.12984797558902586
0.42613846723435767,0.100541378521501,0.14833237326397214
0.42650870048130324,0.10553651221856981,0.1895687153373628
0.4268789337282488,0.25777583443979474,0.18570952413112368
0.4272491669751944,0.1202665725095729,0.21637933226666392
0.42761940022213996,0.23176900019583685,0.22404766999051592
0.42798963346908553,0.47252628716715417,0.2163918409009173
0.4283598667160311,0.2616158948037163,0.23396308379938432
0.4287300999629767,0.32575548750841327,0.24236255368482224
0.42910033320992225,0.22705575723956264,0.2225149345799609
0.4294705664568678,0.061075684405265306,0.21821041337313235
0.4298407997038134,0.2762538075061711,0.21323672525256754
0.430211032950759,0.1895312110729489,0.16613980672584577
0.4305812661977046,0.05929964339118149,0.1788511145464377
0.43095149944465017,0.0772213604412875,0.16103295990349722
0.43132173269159574,0.1820321189901888,0.1390291742078989
0.4316919659385413,0.0015571018999365176,0.14778141281096174
0.4320621991854869,0.38872897300963566,0.14736493380605525
0.43243243243243246,0.14757394107900845,0.14401209599976234
0.43280266567937803,0.007017900283579535,0.19181123931131133
0.4331728989263236,0.14859807043589368,0.24597165524792852
0.4335431321732692,0.27208901745710595,0.24314116056061663
0.43391336542021475,0.15600283301001977,0.2917685061283112
0.4342835986671603,0.5372910765066716,0.27503027634769406
0.4346538319141059,0.6188255198074591,0.27839821659112235
0.43502406516105147,0.15372717211706996,0.2874187862363933
0.43539429840799704,0.48783055757688204,0.2754001580187858
0.4357645316549426,0.22134667520346443,0.32942076907621987
0.4361347649018882,0.18125334351329106,0.31936675804501335
0.43650499814883376,0.09722359673628882,0.271670783059057
0.4368752313957794,0.028411788259818882,0.28318891447787137
0.43724546464272496,0.8122951280314468,0.2711199520603743
0.43761569788967053,0.05546272269795423,0.23933535111693258
0.4379859311366161,0.060331326647108295,0.2230216773398511
0.4383561643835617,0.7340068339956031,0.23484228102894017
0.43872639763050725,0.03303754794209969,0.4349071261989457
0.4390966308774528,0.16998454814246436,0.4455103046571295
0.4394668641243984,0.05820993743264943,0.4831611234888724
0.43983709737134397,0.2994593804041816,0.48045296569122187
0.44020733061828954,2.0978720484363444,0.5464389521262525
0.4405775638652351,0.13444357284165634,0.5985976232993326
0.4409477971121807,1.1888033163488765,0.6035195043087372
0.44131803035912626,0.02838114472144875,0.6285485203980345
0.44168826360607183,0.720191190997414,0.6270090578081695
0.4420584968530174,1.2555935457264054,0.6272040382995641
0.442428730099963,0.08225635803614595,0.49806598470320906
0.44279896334690855,0.4202747090354366,0.504687149863132
0.4431691965938541,0.04281531153399961,0.39326000808174244
0.44353942984079975,0.30140918531812794,0.3964951163189648
0.4439096630877453,0.8064915124727945,0.35496456171078383
0.4442798963346909,0.20065522444088635,0.24619293615009127
0.44465012958163647,0.07453189853498064,0.2658982257569225
0.44502036282858204,0.060732227093671855,0.22433333586975274
0.4453905960755276,0.304885644915605,0.22889109393071022
0.4457608293224732,0.16787729011947963,0.20428015305090538
0.44613106256941876,0.27930925410445806,0.14754375383729257
0.44650129581636433,0.004625810163739084,0.1310512776703149
0.4468715290633099,0.08839289214357424,0.2308039437394333
0.4472417623102555,0.05529977652007956,0.2415130745746195
0.44761199555720105,0.2391275203366664,0.2197642654015534
0.4479822288041466,0.03573046277110971,0.23963311843274698
0.4483524620510922,1.0720585592261647,0.24541412529047127
0.44872269529803777,0.1678235354455337,0.271893143934284
0.44909292854498334,0.08739755318494373,0.31726698699641875
0.4494631617919289,0.36656582043141533,0.34290343847172944
0.4498333950388745,0.33711932268170114,0.35598275120333095
0.45020362828582006,0.2694159966018665,0.35952615517612285
0.4505738615327657,0.5421313227649222,0.26859220020788677
0.45094409477971126,0.31166429127318634,0.2697126477485374
0.45131432802665683,0.3699206476526811,0.2711774025144091
0.4516845612736024,0.07116450249902863,0.24714831986249344
0.452054794520548,0.16271900954380417,0.25244710435000706
0.45242502776749355,0.1790280108520402,0.22970258844109842
0.4527952610144391,0.10204510084366039,0.1886428295726531
0.4531654942613847,0.126274993912259,0.18069628206568253
0.45353572750833027,0.3901071675568376,0.1820427032851803
0.45390596075527584,0.04197083751277958,0.19724329037336502
0.4542761940022214,0.13153373408046914,0.1961172863168193
0.454646427249167,0.2321988162034806,0.1785613540708685
0.45501666049611256,0.38338485984765874,0.16875539441898993
0.45538689374305813,0.2231703733808757,0.17051845482460953
0.4557571269900037,0.15145896897834688,0.16308073294017686
0.4561273602369493,0.0034686883925323206,0.16004475390472805
0.45649759348389485,0.003985504324874616,0.1473514327830813
0.4568678267308404,0.14390559796845517,0.1544121829028313
0.45723805997778605,0.31572994871251087,0.11697712191156726
0.4576082932247316,0.011611047158291457,0.13225102132749236
0.4579785264716772,0.00460052286400143,0.21389552325763708
0.45834875971862277,0.3028063174009806,0.22968481835628113
0.45871899296556834,0.009034249935018267,0.2339853709111009
0.4590892262125139,0.3759093675401267,0.22634068845288952
0.4594594594594595,0.967903988279794,0.22278857186088047
0.45982969270640506,0.16136163937897302,0.23690590383465007
0.46019992595335063,0.046991029873071806,0.2495906728062302
0.4605701592002962,0.06745877338634147,0.22039328837610683
0.4609403924472418,0.28020878279242034,0.2439770003882456
0.46131062569418735,0.1527843668959875,0.21209828187248822
0.4616808589411329,0.13144821257980313,0.1312463942721105
0.4620510921880785,0.010832473099746612,0.12345008680866246
0.46242132543502407,0.24487137005640586,0.12055832726946517
0.46279155868196964,0.057122182382553205,0.15476382996336818
0.4631617919289152,0.1593851122760166,0.12923227065499038
0.4635320251758608,0.08339856474449261,0.14803280863439167
0.4639022584228064,0.018073434481098872,0.13832668221286099
0.464272491669752,0.40951380032537177,0.1534526683036704
0.46464272491669756,0.024893189708642426,0.13588292968636778
0.46501295816364313,0.34078974669000045,0.14782898280349638
0.4653831914105887,0.03438694836449635,0.13859825076298107
0.4657534246575343,0.16209233400784076,0.16837567210228813
0.46612365790447985,0.06917398388337939,0.1987440720903082
0.4664938911514254,0.17658271355383914,0.1627027021001599
0.466864124398371,0.06707779187086367,0.1803860650373777
0.46723435764531657,0.3811727781375631,0.15892005378775717
0.46760459089226214,0.3217574343612996,0.17034931655009838
0.4679748241392077,0.04910010042388892,0.24412391938498904
0.4683450573861533,0.20172681908082024,0.2491219437681816
0.46871529063309886,0.12612963419379544,0.2832830273954749
0.46908552388004443,0.14867957598790843,0.2860564161776641
0.46945575712699,0.8998383623567472,0.3018422991164672
0.4698259903739356,0.11915422771530489,0.2815805075696404
0.47019622362088115,0.5181935498267723,0.2924716907188222
0.4705664568678268,0.09481167969275563,0.28120672117071843
0.47093669011477235,0.5390316075255943,0.3584047239270566
0.4713069233617179,0.1191395188930316,0.34842132789038593
0.4716771566086635,0.15801193191570598,0.3141082876481581
0.47204738985560907,0.08907712359978277,0.32529356206948545
0.47241762310255464,0.8981096617571774,0.3425914889039323
0.4727878563495002,0.04884561562120174,0.33501354538877204
0.4731580895964458,0.5567079599344694,0.28966121855496463
0.47352832284339136,0.231006971928578,0.29862678257168174
0.47389855609033693,0.6911728181712409,0.293348709885738
0.4742687893372825,0.01903224454115276,0.286549442856657
0.4746390225842281,0.0855083391875202,0.2032775539809398
0.47500925583117365,0.20879515906020277,0.308141381496626
0.4753794890781192,0.1052312050562685,0.26249586498471816
0.4757497223250648,0.02108445330897314,0.24220972743361688
0.47611995557201037,0.0653907730000051,0.2468765916404474
0.47649018881895594,1.0974838907780637,0.2631997491836341
0.4768604220659015,0.10025279481539075,0.43670728005591386
0.4772306553128471,0.02814559641756518,0.43719887369325344
0.4776008885597927,0.737841460239546,0.4488139469835515
0.4779711218067383,0.1822638199730198,0.45467082690724725
0.47834135505368386,1.8205836479103172,0.47451425713758344
0.47871158830062943,0.21371109543359895,0.36871405186677064
0.479081821547575,0.2213819379592492,0.3647701525652746
0.4794520547945206,0.07965325254593121,0.36237212748196196
0.47982228804146615,0.26382507530336713,0.2912806642589839
0.4801925212884117,0.03948183806993605,0.28087564551982735
0.4805627545353573,0.0608138018004305,0.12483359925050048
0.48093298778230287,0.004165345584438645,0.11777591491620917
0.48130322102924844,0.026926828009765195,0.14380482561674812
0.481673454276194,0.0782136325814544,0.140120523861725
0.4820436875231396,0.26016318521704856,0.15230719670108883
0.48241392077008516,0.14313425209068595,0.15611500554102956
0.48278415401703073,0.4816710449646386,0.2071934805350833
0.4831543872639763,0.04281023499570006,0.2121748588566815
0.4835246205109219,0.3856918036970055,0.21789842155271252
0.48389485375786745,0.0775599264693433,0.25768867547546587
0.4842650870048131,0.5715985517409676,0.27798121696551326
0.48463532025175865,0.053979128800420814,0.35467931601296615
0.4850055534987042,0.08416245497007559,0.3208165501550323
0.4853757867456498,0.4761161718089877,0.3180051003875369
0.48574601999259537,0.46308860011752273,0.28642102237477346
0.48611625323954094,0.9101152425652148,0.28564767657330803
0.4864864864864865,0.14304338638530012,0.2393736740935509
0.4868567197334321,0.014695737320745444,0.24180347325528223
0.48722695298037766,0.06985102356937126,0.2588103489608173
0.48759718622732323,0.06982646845468907,0.23925624678384874
0.4879674194742688,0.1088585269433963,0.25037242456383446
0.4883376527212144,0.0782771204177344,0.16713125527698897
0.48870788596815995,0.2542312120254263,0.19279691295318063
0.4890781192151055,0.2805751500393021,0.20684653696152983
0.4894483524620511,0.5742503779173795,0.20326161377922514
0.48981858570899667,0.0777035496967601,0.2649154417465089
0.49018881895594224,0.3996999631472167,0.3176674294852856
0.4905590522028878,0.15519197740423746,0.33874623630927747
0.49092928544983344,0.03400179174632438,0.33288555756137667
0.491299518696779,0.6863647481275266,0.3195290737357982
0.4916697519437246,0.6363784043311629,0.265333854747707
0.49203998519067016,0.2890651886576536,0.2575825712593566
0.49241021843761573,0.19562442454641826,0.2360834052590118
0.4927804516845613,0.14701031178351692,0.2250053700650342
0.4931506849315069,0.03229818803646758,0.24615965705696027
0.49352091817845245,0.00019071481325613293,0.2000970067935568
0.493891151425398,0.18470830314376938,0.18404317616347343
0.4942613846723436,0.0444116254644615,0.17692032026321713
0.49463161791928917,0.24554466166558525,0.17998397756043188
0.49500185116623474,0.2257382454934916,0.18487701300108883
0.4953720844131803,0.47584009803032923,0.18734894238111593
0.4957423176601259,0.21783662965509062,0.20638653723604938
0.49611255090707146,0.22626099751856582,0.20827316050627367
0.49648278415401703,0.19594066619008638,0.24997516560487143
0.4968530174009626,0.057017481836738826,0.22736637963175652
0.4972232506479082,0.19056666336259048,0.23138456152160952
0.4975934838948538,0.2035745358460124,0.2225083068842742
0.4979637171417994,0.4614316764504389,0.20851562067561824
0.49833395038874495,0.019456801934435962,0.19368049768061474
0.4987041836356905,0.2659200643920217,0.1818774078184592
0.4990744168826361,0.38707755165697577,0.1839666363916384
0.49944465012958167,0.07790976756853092,0.17270094681223247
